Region,Hushallstyp,ContentsCode,Tid,value
0180C1010,totalt antal hushåll,Antal hushåll,2024,894
0180C1020,totalt antal hushåll,Antal hushåll,2024,931
0180C1030,totalt antal hushåll,Antal hushåll,2024,877
0180C1040,totalt antal hushåll,Antal hushåll,2024,1249
0180C1050,totalt antal hushåll,Antal hushåll,2024,1276
0180C1060,totalt antal hushåll,Antal hushåll,2024,1033
0180C1070,totalt antal hushåll,Antal hushåll,2024,665
0180C1080,totalt antal hushåll,Antal hushåll,2024,717
0180C1090,totalt antal hushåll,Antal hushåll,2024,673
0180C1101,totalt antal hushåll,Antal hushåll,2024,964
0180C1102,totalt antal hushåll,Antal hushåll,2024,659
0180C1110,totalt antal hushåll,Antal hushåll,2024,819
0180C1120,totalt antal hushåll,Antal hushåll,2024,622
0180C1130,totalt antal hushåll,Antal hushåll,2024,723
0180C1140,totalt antal hushåll,Antal hushåll,2024,678
0180C1150,totalt antal hushåll,Antal hushåll,2024,505
0180C1160,totalt antal hushåll,Antal hushåll,2024,703
0180C1170,totalt antal hushåll,Antal hushåll,2024,1113
0180C1180,totalt antal hushåll,Antal hushåll,2024,934
0180C1190,totalt antal hushåll,Antal hushåll,2024,837
0180C1200,totalt antal hushåll,Antal hushåll,2024,649
0180C1210,totalt antal hushåll,Antal hushåll,2024,912
0180C1220,totalt antal hushåll,Antal hushåll,2024,1322
0180C1230,totalt antal hushåll,Antal hushåll,2024,878
0180C1241,totalt antal hushåll,Antal hushåll,2024,571
0180C1242,totalt antal hushåll,Antal hushåll,2024,837
0180C1250,totalt antal hushåll,Antal hushåll,2024,1268
0180C1260,totalt antal hushåll,Antal hushåll,2024,911
0180C1270,totalt antal hushåll,Antal hushåll,2024,733
0180C1280,totalt antal hushåll,Antal hushåll,2024,810
0180C1290,totalt antal hushåll,Antal hushåll,2024,1156
0180C1300,totalt antal hushåll,Antal hushåll,2024,672
0180C1310,totalt antal hushåll,Antal hushåll,2024,861
0180C1320,totalt antal hushåll,Antal hushåll,2024,1188
0180C1330,totalt antal hushåll,Antal hushåll,2024,789
0180C1340,totalt antal hushåll,Antal hushåll,2024,777
0180C1350,totalt antal hushåll,Antal hushåll,2024,976
0180C1360,totalt antal hushåll,Antal hushåll,2024,746
0180C1370,totalt antal hushåll,Antal hushåll,2024,1134
0180C1380,totalt antal hushåll,Antal hushåll,2024,812
0180C1390,totalt antal hushåll,Antal hushåll,2024,1029
0180C1400,totalt antal hushåll,Antal hushåll,2024,914
0180C1410,totalt antal hushåll,Antal hushåll,2024,1191
0180C1420,totalt antal hushåll,Antal hushåll,2024,441
0180C1430,totalt antal hushåll,Antal hushåll,2024,493
0180C1440,totalt antal hushåll,Antal hushåll,2024,902
0180C1450,totalt antal hushåll,Antal hushåll,2024,1253
0180C1460,totalt antal hushåll,Antal hushåll,2024,1060
0180C1470,totalt antal hushåll,Antal hushåll,2024,1129
0180C1480,totalt antal hushåll,Antal hushåll,2024,842
0180C1490,totalt antal hushåll,Antal hushåll,2024,622
0180C1500,totalt antal hushåll,Antal hushåll,2024,879
0180C1510,totalt antal hushåll,Antal hushåll,2024,823
0180C1520,totalt antal hushåll,Antal hushåll,2024,791
0180C1530,totalt antal hushåll,Antal hushåll,2024,1474
0180C1540,totalt antal hushåll,Antal hushåll,2024,854
0180C1550,totalt antal hushåll,Antal hushåll,2024,632
0180C1560,totalt antal hushåll,Antal hushåll,2024,806
0180C1570,totalt antal hushåll,Antal hushåll,2024,924
0180C1580,totalt antal hushåll,Antal hushåll,2024,856
0180C1591,totalt antal hushåll,Antal hushåll,2024,691
0180C1592,totalt antal hushåll,Antal hushåll,2024,688
0180C1600,totalt antal hushåll,Antal hushåll,2024,782
0180C1610,totalt antal hushåll,Antal hushåll,2024,862
0180C1620,totalt antal hushåll,Antal hushåll,2024,479
0180C1630,totalt antal hushåll,Antal hushåll,2024,668
0180C1640,totalt antal hushåll,Antal hushåll,2024,883
0180C1650,totalt antal hushåll,Antal hushåll,2024,662
0180C1660,totalt antal hushåll,Antal hushåll,2024,574
0180C1670,totalt antal hushåll,Antal hushåll,2024,589
0180C1680,totalt antal hushåll,Antal hushåll,2024,773
0180C1690,totalt antal hushåll,Antal hushåll,2024,531
0180C1700,totalt antal hushåll,Antal hushåll,2024,644
0180C1710,totalt antal hushåll,Antal hushåll,2024,1116
0180C1720,totalt antal hushåll,Antal hushåll,2024,669
0180C1730,totalt antal hushåll,Antal hushåll,2024,656
0180C1740,totalt antal hushåll,Antal hushåll,2024,664
0180C1750,totalt antal hushåll,Antal hushåll,2024,775
0180C1760,totalt antal hushåll,Antal hushåll,2024,680
0180C1770,totalt antal hushåll,Antal hushåll,2024,746
0180C1780,totalt antal hushåll,Antal hushåll,2024,748
0180C1790,totalt antal hushåll,Antal hushåll,2024,830
0180C1800,totalt antal hushåll,Antal hushåll,2024,758
0180C1810,totalt antal hushåll,Antal hushåll,2024,512
0180C1820,totalt antal hushåll,Antal hushåll,2024,1003
0180C1830,totalt antal hushåll,Antal hushåll,2024,671
0180C1840,totalt antal hushåll,Antal hushåll,2024,864
0180C1850,totalt antal hushåll,Antal hushåll,2024,771
0180C1860,totalt antal hushåll,Antal hushåll,2024,855
0180C1871,totalt antal hushåll,Antal hushåll,2024,718
0180C1872,totalt antal hushåll,Antal hushåll,2024,514
0180C1873,totalt antal hushåll,Antal hushåll,2024,688
0180C1880,totalt antal hushåll,Antal hushåll,2024,922
0180C1890,totalt antal hushåll,Antal hushåll,2024,669
0180C1900,totalt antal hushåll,Antal hushåll,2024,830
0180C1910,totalt antal hushåll,Antal hushåll,2024,719
0180C1920,totalt antal hushåll,Antal hushåll,2024,743
0180C1930,totalt antal hushåll,Antal hushåll,2024,1196
0180C1940,totalt antal hushåll,Antal hushåll,2024,1133
0180C1950,totalt antal hushåll,Antal hushåll,2024,811
0180C1960,totalt antal hushåll,Antal hushåll,2024,573
0180C1970,totalt antal hushåll,Antal hushåll,2024,512
0180C1980,totalt antal hushåll,Antal hushåll,2024,1080
0180C1990,totalt antal hushåll,Antal hushåll,2024,542
0180C2000,totalt antal hushåll,Antal hushåll,2024,701
0180C2010,totalt antal hushåll,Antal hushåll,2024,965
0180C2020,totalt antal hushåll,Antal hushåll,2024,667
0180C2030,totalt antal hushåll,Antal hushåll,2024,1175
0180C2040,totalt antal hushåll,Antal hushåll,2024,635
0180C2050,totalt antal hushåll,Antal hushåll,2024,1040
0180C2060,totalt antal hushåll,Antal hushåll,2024,888
0180C2070,totalt antal hushåll,Antal hushåll,2024,907
0180C2080,totalt antal hushåll,Antal hushåll,2024,955
0180C2090,totalt antal hushåll,Antal hushåll,2024,967
0180C2100,totalt antal hushåll,Antal hushåll,2024,726
0180C2111,totalt antal hushåll,Antal hushåll,2024,503
0180C2112,totalt antal hushåll,Antal hushåll,2024,594
0180C2113,totalt antal hushåll,Antal hushåll,2024,885
0180C2120,totalt antal hushåll,Antal hushåll,2024,746
0180C2130,totalt antal hushåll,Antal hushåll,2024,1047
0180C2140,totalt antal hushåll,Antal hushåll,2024,1035
0180C2150,totalt antal hushåll,Antal hushåll,2024,1017
0180C2160,totalt antal hushåll,Antal hushåll,2024,684
0180C2170,totalt antal hushåll,Antal hushåll,2024,580
0180C2180,totalt antal hushåll,Antal hushåll,2024,997
0180C2190,totalt antal hushåll,Antal hushåll,2024,748
0180C2200,totalt antal hushåll,Antal hushåll,2024,623
0180C2210,totalt antal hushåll,Antal hushåll,2024,536
0180C2220,totalt antal hushåll,Antal hushåll,2024,670
0180C2230,totalt antal hushåll,Antal hushåll,2024,721
0180C2240,totalt antal hushåll,Antal hushåll,2024,1263
0180C2250,totalt antal hushåll,Antal hushåll,2024,1011
0180C2260,totalt antal hushåll,Antal hushåll,2024,608
0180C2270,totalt antal hushåll,Antal hushåll,2024,954
0180C2280,totalt antal hushåll,Antal hushåll,2024,1217
0180C2290,totalt antal hushåll,Antal hushåll,2024,895
0180C2300,totalt antal hushåll,Antal hushåll,2024,796
0180C2310,totalt antal hushåll,Antal hushåll,2024,1179
0180C2320,totalt antal hushåll,Antal hushåll,2024,984
0180C2330,totalt antal hushåll,Antal hushåll,2024,1013
0180C2340,totalt antal hushåll,Antal hushåll,2024,970
0180C2350,totalt antal hushåll,Antal hushåll,2024,924
0180C2360,totalt antal hushåll,Antal hushåll,2024,1037
0180C2370,totalt antal hushåll,Antal hushåll,2024,852
0180C2380,totalt antal hushåll,Antal hushåll,2024,676
0180C2390,totalt antal hushåll,Antal hushåll,2024,1102
0180C2400,totalt antal hushåll,Antal hushåll,2024,806
0180C2410,totalt antal hushåll,Antal hushåll,2024,905
0180C2420,totalt antal hushåll,Antal hushåll,2024,1008
0180C2431,totalt antal hushåll,Antal hushåll,2024,857
0180C2432,totalt antal hushåll,Antal hushåll,2024,532
0180C2440,totalt antal hushåll,Antal hushåll,2024,1225
0180C2450,totalt antal hushåll,Antal hushåll,2024,1189
0180C2460,totalt antal hushåll,Antal hushåll,2024,1310
0180C2470,totalt antal hushåll,Antal hushåll,2024,1119
0180C2480,totalt antal hushåll,Antal hushåll,2024,923
0180C2490,totalt antal hushåll,Antal hushåll,2024,842
0180C2500,totalt antal hushåll,Antal hushåll,2024,926
0180C2510,totalt antal hushåll,Antal hushåll,2024,1160
0180C2520,totalt antal hushåll,Antal hushåll,2024,971
0180C2530,totalt antal hushåll,Antal hushåll,2024,1229
0180C2540,totalt antal hushåll,Antal hushåll,2024,1222
0180C2550,totalt antal hushåll,Antal hushåll,2024,807
0180C2560,totalt antal hushåll,Antal hushåll,2024,999
0180C2570,totalt antal hushåll,Antal hushåll,2024,1427
0180C2580,totalt antal hushåll,Antal hushåll,2024,682
0180C2590,totalt antal hushåll,Antal hushåll,2024,1120
0180C2600,totalt antal hushåll,Antal hushåll,2024,536
0180C2610,totalt antal hushåll,Antal hushåll,2024,1086
0180C2620,totalt antal hushåll,Antal hushåll,2024,1650
0180C2630,totalt antal hushåll,Antal hushåll,2024,838
0180C2640,totalt antal hushåll,Antal hushåll,2024,674
0180C2650,totalt antal hushåll,Antal hushåll,2024,975
0180C2660,totalt antal hushåll,Antal hushåll,2024,860
0180C2670,totalt antal hushåll,Antal hushåll,2024,965
0180C2680,totalt antal hushåll,Antal hushåll,2024,1098
0180C2690,totalt antal hushåll,Antal hushåll,2024,1035
0180C2700,totalt antal hushåll,Antal hushåll,2024,1153
0180C2710,totalt antal hushåll,Antal hushåll,2024,999
0180C2720,totalt antal hushåll,Antal hushåll,2024,939
0180C2730,totalt antal hushåll,Antal hushåll,2024,1128
0180C2740,totalt antal hushåll,Antal hushåll,2024,976
0180C2750,totalt antal hushåll,Antal hushåll,2024,901
0180C2760,totalt antal hushåll,Antal hushåll,2024,719
0180C2770,totalt antal hushåll,Antal hushåll,2024,983
0180C2781,totalt antal hushåll,Antal hushåll,2024,475
0180C2782,totalt antal hushåll,Antal hushåll,2024,548
0180C2783,totalt antal hushåll,Antal hushåll,2024,690
0180C2790,totalt antal hushåll,Antal hushåll,2024,878
0180C2800,totalt antal hushåll,Antal hushåll,2024,957
0180C2810,totalt antal hushåll,Antal hushåll,2024,903
0180C2820,totalt antal hushåll,Antal hushåll,2024,721
0180C2830,totalt antal hushåll,Antal hushåll,2024,676
0180C2840,totalt antal hushåll,Antal hushåll,2024,926
0180C2850,totalt antal hushåll,Antal hushåll,2024,816
0180C2860,totalt antal hushåll,Antal hushåll,2024,982
0180C2870,totalt antal hushåll,Antal hushåll,2024,674
0180C2881,totalt antal hushåll,Antal hushåll,2024,715
0180C2882,totalt antal hushåll,Antal hushåll,2024,567
0180C2890,totalt antal hushåll,Antal hushåll,2024,853
0180C2900,totalt antal hushåll,Antal hushåll,2024,842
0180C2910,totalt antal hushåll,Antal hushåll,2024,1124
0180C2920,totalt antal hushåll,Antal hushåll,2024,791
0180C2930,totalt antal hushåll,Antal hushåll,2024,998
0180C2940,totalt antal hushåll,Antal hushåll,2024,994
0180C2951,totalt antal hushåll,Antal hushåll,2024,489
0180C2952,totalt antal hushåll,Antal hushåll,2024,813
0180C2953,totalt antal hushåll,Antal hushåll,2024,1039
0180C2960,totalt antal hushåll,Antal hushåll,2024,947
0180C2970,totalt antal hushåll,Antal hushåll,2024,946
0180C2980,totalt antal hushåll,Antal hushåll,2024,583
0180C2990,totalt antal hushåll,Antal hushåll,2024,568
0180C3000,totalt antal hushåll,Antal hushåll,2024,913
0180C3010,totalt antal hushåll,Antal hushåll,2024,602
0180C3020,totalt antal hushåll,Antal hushåll,2024,795
0180C3030,totalt antal hushåll,Antal hushåll,2024,701
0180C3040,totalt antal hushåll,Antal hushåll,2024,945
0180C3050,totalt antal hushåll,Antal hushåll,2024,754
0180C3060,totalt antal hushåll,Antal hushåll,2024,611
0180C3070,totalt antal hushåll,Antal hushåll,2024,811
0180C3080,totalt antal hushåll,Antal hushåll,2024,656
0180C3090,totalt antal hushåll,Antal hushåll,2024,632
0180C3100,totalt antal hushåll,Antal hushåll,2024,1140
0180C3110,totalt antal hushåll,Antal hushåll,2024,958
0180C3120,totalt antal hushåll,Antal hushåll,2024,712
0180C3130,totalt antal hushåll,Antal hushåll,2024,895
0180C3140,totalt antal hushåll,Antal hushåll,2024,1045
0180C3150,totalt antal hushåll,Antal hushåll,2024,883
0180C3160,totalt antal hushåll,Antal hushåll,2024,978
0180C3170,totalt antal hushåll,Antal hushåll,2024,920
0180C3180,totalt antal hushåll,Antal hushåll,2024,1099
0180C3190,totalt antal hushåll,Antal hushåll,2024,998
0180C3201,totalt antal hushåll,Antal hushåll,2024,817
0180C3202,totalt antal hushåll,Antal hushåll,2024,876
0180C3210,totalt antal hushåll,Antal hushåll,2024,742
0180C3220,totalt antal hushåll,Antal hushåll,2024,795
0180C3230,totalt antal hushåll,Antal hushåll,2024,803
0180C3240,totalt antal hushåll,Antal hushåll,2024,836
0180C3250,totalt antal hushåll,Antal hushåll,2024,1076
0180C3260,totalt antal hushåll,Antal hushåll,2024,1177
0180C3270,totalt antal hushåll,Antal hushåll,2024,810
0180C3280,totalt antal hushåll,Antal hushåll,2024,614
0180C3290,totalt antal hushåll,Antal hushåll,2024,957
0180C3300,totalt antal hushåll,Antal hushåll,2024,922
0180C3310,totalt antal hushåll,Antal hushåll,2024,769
0180C3320,totalt antal hushåll,Antal hushåll,2024,1253
0180C3330,totalt antal hushåll,Antal hushåll,2024,1252
0180C3340,totalt antal hushåll,Antal hushåll,2024,980
0180C3350,totalt antal hushåll,Antal hushåll,2024,897
0180C3360,totalt antal hushåll,Antal hushåll,2024,1093
0180C3370,totalt antal hushåll,Antal hushåll,2024,984
0180C3380,totalt antal hushåll,Antal hushåll,2024,780
0180C3390,totalt antal hushåll,Antal hushåll,2024,960
0180C3400,totalt antal hushåll,Antal hushåll,2024,1099
0180C3410,totalt antal hushåll,Antal hushåll,2024,510
0180C3420,totalt antal hushåll,Antal hushåll,2024,654
0180C3430,totalt antal hushåll,Antal hushåll,2024,848
0180C3440,totalt antal hushåll,Antal hushåll,2024,894
0180C3450,totalt antal hushåll,Antal hushåll,2024,937
0180C3460,totalt antal hushåll,Antal hushåll,2024,878
0180C3470,totalt antal hushåll,Antal hushåll,2024,993
0180C3480,totalt antal hushåll,Antal hushåll,2024,1368
0180C3490,totalt antal hushåll,Antal hushåll,2024,676
0180C3500,totalt antal hushåll,Antal hushåll,2024,862
0180C3510,totalt antal hushåll,Antal hushåll,2024,902
0180C3520,totalt antal hushåll,Antal hushåll,2024,988
0180C3530,totalt antal hushåll,Antal hushåll,2024,760
0180C3540,totalt antal hushåll,Antal hushåll,2024,842
0180C3550,totalt antal hushåll,Antal hushåll,2024,889
0180C3560,totalt antal hushåll,Antal hushåll,2024,720
0180C3570,totalt antal hushåll,Antal hushåll,2024,777
0180C3580,totalt antal hushåll,Antal hushåll,2024,1194
0180C3590,totalt antal hushåll,Antal hushåll,2024,707
0180C3600,totalt antal hushåll,Antal hushåll,2024,813
0180C3610,totalt antal hushåll,Antal hushåll,2024,508
0180C3620,totalt antal hushåll,Antal hushåll,2024,1144
0180C3630,totalt antal hushåll,Antal hushåll,2024,950
0180C3640,totalt antal hushåll,Antal hushåll,2024,795
0180C3650,totalt antal hushåll,Antal hushåll,2024,984
0180C3660,totalt antal hushåll,Antal hushåll,2024,691
0180C3670,totalt antal hushåll,Antal hushåll,2024,857
0180C3680,totalt antal hushåll,Antal hushåll,2024,721
0180C3690,totalt antal hushåll,Antal hushåll,2024,904
0180C3700,totalt antal hushåll,Antal hushåll,2024,752
0180C3710,totalt antal hushåll,Antal hushåll,2024,649
0180C3720,totalt antal hushåll,Antal hushåll,2024,452
0180C3730,totalt antal hushåll,Antal hushåll,2024,706
0180C3740,totalt antal hushåll,Antal hushåll,2024,807
0180C3750,totalt antal hushåll,Antal hushåll,2024,905
0180C3760,totalt antal hushåll,Antal hushåll,2024,474
0180C3770,totalt antal hushåll,Antal hushåll,2024,691
0180C3780,totalt antal hushåll,Antal hushåll,2024,604
0180C3790,totalt antal hushåll,Antal hushåll,2024,860
0180C3800,totalt antal hushåll,Antal hushåll,2024,706
0180C3810,totalt antal hushåll,Antal hushåll,2024,819
0180C3820,totalt antal hushåll,Antal hushåll,2024,875
0180C3830,totalt antal hushåll,Antal hushåll,2024,882
0180C3840,totalt antal hushåll,Antal hushåll,2024,572
0180C3850,totalt antal hushåll,Antal hushåll,2024,602
0180C3860,totalt antal hushåll,Antal hushåll,2024,968
0180C3870,totalt antal hushåll,Antal hushåll,2024,795
0180C3880,totalt antal hushåll,Antal hushåll,2024,824
0180C3890,totalt antal hushåll,Antal hushåll,2024,1049
0180C3900,totalt antal hushåll,Antal hushåll,2024,810
0180C3910,totalt antal hushåll,Antal hushåll,2024,746
0180C3920,totalt antal hushåll,Antal hushåll,2024,393
0180C3930,totalt antal hushåll,Antal hushåll,2024,670
0180C3940,totalt antal hushåll,Antal hushåll,2024,844
0180C3950,totalt antal hushåll,Antal hushåll,2024,849
0180C3960,totalt antal hushåll,Antal hushåll,2024,744
0180C3970,totalt antal hushåll,Antal hushåll,2024,857
0180C3980,totalt antal hushåll,Antal hushåll,2024,877
0180C3990,totalt antal hushåll,Antal hushåll,2024,883
0180C4000,totalt antal hushåll,Antal hushåll,2024,773
0180C4010,totalt antal hushåll,Antal hushåll,2024,906
0180C4020,totalt antal hushåll,Antal hushåll,2024,868
0180C4030,totalt antal hushåll,Antal hushåll,2024,863
0180C4040,totalt antal hushåll,Antal hushåll,2024,1194
0180C4050,totalt antal hushåll,Antal hushåll,2024,1008
0180C4060,totalt antal hushåll,Antal hushåll,2024,1218
0180C4070,totalt antal hushåll,Antal hushåll,2024,883
0180C4080,totalt antal hushåll,Antal hushåll,2024,915
0180C4090,totalt antal hushåll,Antal hushåll,2024,918
0180C4100,totalt antal hushåll,Antal hushåll,2024,683
0180C4110,totalt antal hushåll,Antal hushåll,2024,641
0180C4120,totalt antal hushåll,Antal hushåll,2024,748
0180C4130,totalt antal hushåll,Antal hushåll,2024,815
0180C4140,totalt antal hushåll,Antal hushåll,2024,999
0180C4150,totalt antal hushåll,Antal hushåll,2024,817
0180C4160,totalt antal hushåll,Antal hushåll,2024,796
0180C4170,totalt antal hushåll,Antal hushåll,2024,957
0180C4180,totalt antal hushåll,Antal hushåll,2024,1093
0180C4190,totalt antal hushåll,Antal hushåll,2024,907
0180C4200,totalt antal hushåll,Antal hushåll,2024,578
0180C4210,totalt antal hushåll,Antal hushåll,2024,850
0180C4220,totalt antal hushåll,Antal hushåll,2024,1003
0180C4230,totalt antal hushåll,Antal hushåll,2024,923
0180C4240,totalt antal hushåll,Antal hushåll,2024,996
0180C4250,totalt antal hushåll,Antal hushåll,2024,975
0180C4260,totalt antal hushåll,Antal hushåll,2024,1106
0180C4270,totalt antal hushåll,Antal hushåll,2024,529
0180C4280,totalt antal hushåll,Antal hushåll,2024,1146
0180C4290,totalt antal hushåll,Antal hushåll,2024,886
0180C4300,totalt antal hushåll,Antal hushåll,2024,1071
0180C4310,totalt antal hushåll,Antal hushåll,2024,844
0180C4320,totalt antal hushåll,Antal hushåll,2024,826
0180C4330,totalt antal hushåll,Antal hushåll,2024,894
0180C4340,totalt antal hushåll,Antal hushåll,2024,777
0180C4350,totalt antal hushåll,Antal hushåll,2024,886
0180C4360,totalt antal hushåll,Antal hushåll,2024,1084
0180C4370,totalt antal hushåll,Antal hushåll,2024,734
0180C4380,totalt antal hushåll,Antal hushåll,2024,955
0180C4390,totalt antal hushåll,Antal hushåll,2024,505
0180C4400,totalt antal hushåll,Antal hushåll,2024,769
0180C4410,totalt antal hushåll,Antal hushåll,2024,1037
0180C4420,totalt antal hushåll,Antal hushåll,2024,874
0180C4430,totalt antal hushåll,Antal hushåll,2024,723
0180C4440,totalt antal hushåll,Antal hushåll,2024,821
0180C4450,totalt antal hushåll,Antal hushåll,2024,895
0180C4460,totalt antal hushåll,Antal hushåll,2024,1292
0180C4470,totalt antal hushåll,Antal hushåll,2024,1420
0180C4480,totalt antal hushåll,Antal hushåll,2024,714
0180C4490,totalt antal hushåll,Antal hushåll,2024,1032
0180C4500,totalt antal hushåll,Antal hushåll,2024,741
0180C4510,totalt antal hushåll,Antal hushåll,2024,540
0180C4520,totalt antal hushåll,Antal hushåll,2024,1048
0180C4530,totalt antal hushåll,Antal hushåll,2024,1713
0180C4540,totalt antal hushåll,Antal hushåll,2024,699
0180C4550,totalt antal hushåll,Antal hushåll,2024,531
0180C4560,totalt antal hushåll,Antal hushåll,2024,940
0180C4570,totalt antal hushåll,Antal hushåll,2024,560
0180C4580,totalt antal hushåll,Antal hushåll,2024,917
0180C4590,totalt antal hushåll,Antal hushåll,2024,929
0180C4600,totalt antal hushåll,Antal hushåll,2024,1009
0180C4610,totalt antal hushåll,Antal hushåll,2024,1090
0180C4620,totalt antal hushåll,Antal hushåll,2024,844
0180C4630,totalt antal hushåll,Antal hushåll,2024,1005
0180C4640,totalt antal hushåll,Antal hushåll,2024,921
0180C4650,totalt antal hushåll,Antal hushåll,2024,705
0180C4660,totalt antal hushåll,Antal hushåll,2024,846
0180C4670,totalt antal hushåll,Antal hushåll,2024,884
0180C4680,totalt antal hushåll,Antal hushåll,2024,601
0180C4690,totalt antal hushåll,Antal hushåll,2024,647
0180C4700,totalt antal hushåll,Antal hushåll,2024,1325
0180C4710,totalt antal hushåll,Antal hushåll,2024,1150
0180C4720,totalt antal hushåll,Antal hushåll,2024,852
0180C4730,totalt antal hushåll,Antal hushåll,2024,824
0180C4740,totalt antal hushåll,Antal hushåll,2024,816
0180C4750,totalt antal hushåll,Antal hushåll,2024,720
0180C4760,totalt antal hushåll,Antal hushåll,2024,629
0180C4770,totalt antal hushåll,Antal hushåll,2024,918
0180C4780,totalt antal hushåll,Antal hushåll,2024,877
0180C4790,totalt antal hushåll,Antal hushåll,2024,879
0180C4800,totalt antal hushåll,Antal hushåll,2024,742
0180C4810,totalt antal hushåll,Antal hushåll,2024,597
0180C4820,totalt antal hushåll,Antal hushåll,2024,877
0180C4830,totalt antal hushåll,Antal hushåll,2024,826
0180C4840,totalt antal hushåll,Antal hushåll,2024,857
0180C4850,totalt antal hushåll,Antal hushåll,2024,789
0180C4860,totalt antal hushåll,Antal hushåll,2024,980
0180C4870,totalt antal hushåll,Antal hushåll,2024,818
0180C4880,totalt antal hushåll,Antal hushåll,2024,695
0180C4890,totalt antal hushåll,Antal hushåll,2024,641
0180C4900,totalt antal hushåll,Antal hushåll,2024,830
0180C4910,totalt antal hushåll,Antal hushåll,2024,966
0180C4920,totalt antal hushåll,Antal hushåll,2024,858
0180C4930,totalt antal hushåll,Antal hushåll,2024,1138
0180C4940,totalt antal hushåll,Antal hushåll,2024,1133
0180C4950,totalt antal hushåll,Antal hushåll,2024,875
0180C4960,totalt antal hushåll,Antal hushåll,2024,815
0180C4970,totalt antal hushåll,Antal hushåll,2024,909
0180C4980,totalt antal hushåll,Antal hushåll,2024,624
0180C4990,totalt antal hushåll,Antal hushåll,2024,852
0180C5000,totalt antal hushåll,Antal hushåll,2024,881
0180C5010,totalt antal hushåll,Antal hushåll,2024,815
0180C5020,totalt antal hushåll,Antal hushåll,2024,1004
0180C5030,totalt antal hushåll,Antal hushåll,2024,1209
0180C5040,totalt antal hushåll,Antal hushåll,2024,1043
0180C5050,totalt antal hushåll,Antal hushåll,2024,1003
0180C5060,totalt antal hushåll,Antal hushåll,2024,936
0180C5070,totalt antal hushåll,Antal hushåll,2024,807
0180C5080,totalt antal hushåll,Antal hushåll,2024,1081
0180C5090,totalt antal hushåll,Antal hushåll,2024,995
0180C5100,totalt antal hushåll,Antal hushåll,2024,954
0180C5110,totalt antal hushåll,Antal hushåll,2024,872
0180C5120,totalt antal hushåll,Antal hushåll,2024,839
0180C5130,totalt antal hushåll,Antal hushåll,2024,644
0180C5140,totalt antal hushåll,Antal hushåll,2024,744
0180C5150,totalt antal hushåll,Antal hushåll,2024,621
0180C5160,totalt antal hushåll,Antal hushåll,2024,807
0180C5170,totalt antal hushåll,Antal hushåll,2024,756
0180C5180,totalt antal hushåll,Antal hushåll,2024,720
0180C5190,totalt antal hushåll,Antal hushåll,2024,730
0180C5200,totalt antal hushåll,Antal hushåll,2024,775
0180C5210,totalt antal hushåll,Antal hushåll,2024,1204
0180C5220,totalt antal hushåll,Antal hushåll,2024,1137
0180C5230,totalt antal hushåll,Antal hushåll,2024,1018
0180C5240,totalt antal hushåll,Antal hushåll,2024,612
0180C5250,totalt antal hushåll,Antal hushåll,2024,1034
0180C5261,totalt antal hushåll,Antal hushåll,2024,844
0180C5262,totalt antal hushåll,Antal hushåll,2024,699
0180C5263,totalt antal hushåll,Antal hushåll,2024,784
0180C5264,totalt antal hushåll,Antal hushåll,2024,1010
0180C5270,totalt antal hushåll,Antal hushåll,2024,951
0180C5280,totalt antal hushåll,Antal hushåll,2024,692
0180C5290,totalt antal hushåll,Antal hushåll,2024,1004
0180C5300,totalt antal hushåll,Antal hushåll,2024,1064
0180C5310,totalt antal hushåll,Antal hushåll,2024,1115
0180C5320,totalt antal hushåll,Antal hushåll,2024,1323
0180C5330,totalt antal hushåll,Antal hushåll,2024,1248
0180C5340,totalt antal hushåll,Antal hushåll,2024,682
0180C5350,totalt antal hushåll,Antal hushåll,2024,1169
0180C5360,totalt antal hushåll,Antal hushåll,2024,868
0180C5370,totalt antal hushåll,Antal hushåll,2024,919
0180C5380,totalt antal hushåll,Antal hushåll,2024,1083
0180C5390,totalt antal hushåll,Antal hushåll,2024,901
0180C5400,totalt antal hushåll,Antal hushåll,2024,516
0180C5410,totalt antal hushåll,Antal hushåll,2024,810
0180C5421,totalt antal hushåll,Antal hushåll,2024,780
0180C5422,totalt antal hushåll,Antal hushåll,2024,751
0180C5431,totalt antal hushåll,Antal hushåll,2024,705
0180C5432,totalt antal hushåll,Antal hushåll,2024,1144
0180C5440,totalt antal hushåll,Antal hushåll,2024,857
0180C5450,totalt antal hushåll,Antal hushåll,2024,1176
0180C5460,totalt antal hushåll,Antal hushåll,2024,353
0180C5470,totalt antal hushåll,Antal hushåll,2024,1013
0180C5480,totalt antal hushåll,Antal hushåll,2024,394
0180C5490,totalt antal hushåll,Antal hushåll,2024,1874
0180C5500,totalt antal hushåll,Antal hushåll,2024,814
0180C5510,totalt antal hushåll,Antal hushåll,2024,813
0180C5520,totalt antal hushåll,Antal hushåll,2024,605
0180C5530,totalt antal hushåll,Antal hushåll,2024,1217
0180C5540,totalt antal hushåll,Antal hushåll,2024,1109
0180C5550,totalt antal hushåll,Antal hushåll,2024,592
0180C5560,totalt antal hushåll,Antal hushåll,2024,300
0180C5570,totalt antal hushåll,Antal hushåll,2024,887
0180C5580,totalt antal hushåll,Antal hushåll,2024,1029
0180C5590,totalt antal hushåll,Antal hushåll,2024,888
0180C5600,totalt antal hushåll,Antal hushåll,2024,935
0180C5610,totalt antal hushåll,Antal hushåll,2024,724
0180C5620,totalt antal hushåll,Antal hushåll,2024,897
0180C5630,totalt antal hushåll,Antal hushåll,2024,725
0180C5640,totalt antal hushåll,Antal hushåll,2024,402
0180C5651,totalt antal hushåll,Antal hushåll,2024,654
0180C5652,totalt antal hushåll,Antal hushåll,2024,586
0180C5653,totalt antal hushåll,Antal hushåll,2024,508
0180C5660,totalt antal hushåll,Antal hushåll,2024,1210
0180C5670,totalt antal hushåll,Antal hushåll,2024,1009
0180C5680,totalt antal hushåll,Antal hushåll,2024,1180
0180C5691,totalt antal hushåll,Antal hushåll,2024,761
0180C5692,totalt antal hushåll,Antal hushåll,2024,1242
0180C5700,totalt antal hushåll,Antal hushåll,2024,812
0180C5710,totalt antal hushåll,Antal hushåll,2024,982
0180C5720,totalt antal hushåll,Antal hushåll,2024,801
0180C5730,totalt antal hushåll,Antal hushåll,2024,1039
0180C5740,totalt antal hushåll,Antal hushåll,2024,287
0180C5751,totalt antal hushåll,Antal hushåll,2024,382
0180C5752,totalt antal hushåll,Antal hushåll,2024,937
0180C5760,totalt antal hushåll,Antal hushåll,2024,891
0180C5770,totalt antal hushåll,Antal hushåll,2024,1442
0180C5780,totalt antal hushåll,Antal hushåll,2024,862
0180C5790,totalt antal hushåll,Antal hushåll,2024,870
0180C5800,totalt antal hushåll,Antal hushåll,2024,681
0180C5810,totalt antal hushåll,Antal hushåll,2024,933
0180C5820,totalt antal hushåll,Antal hushåll,2024,839
0180C5830,totalt antal hushåll,Antal hushåll,2024,730
0180C5840,totalt antal hushåll,Antal hushåll,2024,494
0180C5850,totalt antal hushåll,Antal hushåll,2024,796
0180C5861,totalt antal hushåll,Antal hushåll,2024,1208
0180C5862,totalt antal hushåll,Antal hushåll,2024,797
0180C5870,totalt antal hushåll,Antal hushåll,2024,584
0180C5880,totalt antal hushåll,Antal hushåll,2024,637
0180C5890,totalt antal hushåll,Antal hushåll,2024,576
0180C5900,totalt antal hushåll,Antal hushåll,2024,1474
0180C5910,totalt antal hushåll,Antal hushåll,2024,972
0180C5920,totalt antal hushåll,Antal hushåll,2024,619
0180C5930,totalt antal hushåll,Antal hushåll,2024,565
0180C5940,totalt antal hushåll,Antal hushåll,2024,445
0180C5950,totalt antal hushåll,Antal hushåll,2024,406
0180C5960,totalt antal hushåll,Antal hushåll,2024,656
0180C5970,totalt antal hushåll,Antal hushåll,2024,691
0180C5980,totalt antal hushåll,Antal hushåll,2024,680
0180C5990,totalt antal hushåll,Antal hushåll,2024,711
0180C6000,totalt antal hushåll,Antal hushåll,2024,1072
0180C6010,totalt antal hushåll,Antal hushåll,2024,782
0180C6020,totalt antal hushåll,Antal hushåll,2024,755
0180C6030,totalt antal hushåll,Antal hushåll,2024,690
0180C6040,totalt antal hushåll,Antal hushåll,2024,1086
0180C6050,totalt antal hushåll,Antal hushåll,2024,710
0180C6060,totalt antal hushåll,Antal hushåll,2024,1031
0180C6070,totalt antal hushåll,Antal hushåll,2024,698
0180C6080,totalt antal hushåll,Antal hushåll,2024,535
0180C6090,totalt antal hushåll,Antal hushåll,2024,703
0180C6100,totalt antal hushåll,Antal hushåll,2024,538
0180C6110,totalt antal hushåll,Antal hushåll,2024,657
0180C6120,totalt antal hushåll,Antal hushåll,2024,599
0180C6130,totalt antal hushåll,Antal hushåll,2024,935
0180C6140,totalt antal hushåll,Antal hushåll,2024,606
0180C6151,totalt antal hushåll,Antal hushåll,2024,788
0180C6152,totalt antal hushåll,Antal hushåll,2024,486
0180C6160,totalt antal hushåll,Antal hushåll,2024,553
0180C6170,totalt antal hushåll,Antal hushåll,2024,663
0180C6180,totalt antal hushåll,Antal hushåll,2024,709
0180C6190,totalt antal hushåll,Antal hushåll,2024,755
0180C6200,totalt antal hushåll,Antal hushåll,2024,645
0180C6210,totalt antal hushåll,Antal hushåll,2024,778
0180C6220,totalt antal hushåll,Antal hushåll,2024,718
0180C6230,totalt antal hushåll,Antal hushåll,2024,917
0180C6240,totalt antal hushåll,Antal hushåll,2024,839
0180C6250,totalt antal hushåll,Antal hushåll,2024,642
0180C6260,totalt antal hushåll,Antal hushåll,2024,666
0180C6270,totalt antal hushåll,Antal hushåll,2024,661
0180C6280,totalt antal hushåll,Antal hushåll,2024,790
0180C6290,totalt antal hushåll,Antal hushåll,2024,883
0180C6300,totalt antal hushåll,Antal hushåll,2024,1002
0180C6310,totalt antal hushåll,Antal hushåll,2024,796
0180C6320,totalt antal hushåll,Antal hushåll,2024,889
0180C6330,totalt antal hushåll,Antal hushåll,2024,1180
0180C6340,totalt antal hushåll,Antal hushåll,2024,660
0180C6350,totalt antal hushåll,Antal hushåll,2024,967
0180C6360,totalt antal hushåll,Antal hushåll,2024,744
0180C6370,totalt antal hushåll,Antal hushåll,2024,595
0180C6380,totalt antal hushåll,Antal hushåll,2024,917
0180C6390,totalt antal hushåll,Antal hushåll,2024,1356
0180C6400,totalt antal hushåll,Antal hushåll,2024,889
0180C6410,totalt antal hushåll,Antal hushåll,2024,659
0180C6420,totalt antal hushåll,Antal hushåll,2024,933
0180C6430,totalt antal hushåll,Antal hushåll,2024,944
0180C6440,totalt antal hushåll,Antal hushåll,2024,919
