Region,InkomstTyp,Kon,ContentsCode,Tid,value
0180C1010,sammanräknad förvärvsinkomst,totalt,"Medelvärde, tkr",2023,
0180C1020,sammanräknad förvärvsinkomst,totalt,"Medelvärde, tkr",2023,
0180C1030,sammanräknad förvärvsinkomst,totalt,"Medelvärde, tkr",2023,
0180C1040,sammanräknad förvärvsinkomst,totalt,"Medelvärde, tkr",2023,
0180C1050,sammanräknad förvärvsinkomst,totalt,"Medelvärde, tkr",2023,
0180C1060,sammanräknad förvärvsinkomst,totalt,"Medelvärde, tkr",2023,
0180C1070,sammanräknad förvärvsinkomst,totalt,"Medelvärde, tkr",2023,
0180C1080,sammanräknad förvärvsinkomst,totalt,"Medelvärde, tkr",2023,
0180C1090,sammanräknad förvärvsinkomst,totalt,"Medelvärde, tkr",2023,
0180C1101,sammanräknad förvärvsinkomst,totalt,"Medelvärde, tkr",2023,
0180C1102,sammanräknad förvärvsinkomst,totalt,"Medelvärde, tkr",2023,
0180C1110,sammanräknad förvärvsinkomst,totalt,"Medelvärde, tkr",2023,
0180C1120,sammanräknad förvärvsinkomst,totalt,"Medelvärde, tkr",2023,
0180C1130,sammanräknad förvärvsinkomst,totalt,"Medelvärde, tkr",2023,
0180C1140,sammanräknad förvärvsinkomst,totalt,"Medelvärde, tkr",2023,
0180C1150,sammanräknad förvärvsinkomst,totalt,"Medelvärde, tkr",2023,
0180C1160,sammanräknad förvärvsinkomst,totalt,"Medelvärde, tkr",2023,
0180C1170,sammanräknad förvärvsinkomst,totalt,"Medelvärde, tkr",2023,
0180C1180,sammanräknad förvärvsinkomst,totalt,"Medelvärde, tkr",2023,
0180C1190,sammanräknad förvärvsinkomst,totalt,"Medelvärde, tkr",2023,
0180C1200,sammanräknad förvärvsinkomst,totalt,"Medelvärde, tkr",2023,
0180C1210,sammanräknad förvärvsinkomst,totalt,"Medelvärde, tkr",2023,
0180C1220,sammanräknad förvärvsinkomst,totalt,"Medelvärde, tkr",2023,
0180C1230,sammanräknad förvärvsinkomst,totalt,"Medelvärde, tkr",2023,
0180C1241,sammanräknad förvärvsinkomst,totalt,"Medelvärde, tkr",2023,
0180C1242,sammanräknad förvärvsinkomst,totalt,"Medelvärde, tkr",2023,
0180C1250,sammanräknad förvärvsinkomst,totalt,"Medelvärde, tkr",2023,
0180C1260,sammanräknad förvärvsinkomst,totalt,"Medelvärde, tkr",2023,
0180C1270,sammanräknad förvärvsinkomst,totalt,"Medelvärde, tkr",2023,
0180C1280,sammanräknad förvärvsinkomst,totalt,"Medelvärde, tkr",2023,
0180C1290,sammanräknad förvärvsinkomst,totalt,"Medelvärde, tkr",2023,
0180C1300,sammanräknad förvärvsinkomst,totalt,"Medelvärde, tkr",2023,
0180C1310,sammanräknad förvärvsinkomst,totalt,"Medelvärde, tkr",2023,
0180C1320,sammanräknad förvärvsinkomst,totalt,"Medelvärde, tkr",2023,
0180C1330,sammanräknad förvärvsinkomst,totalt,"Medelvärde, tkr",2023,
0180C1340,sammanräknad förvärvsinkomst,totalt,"Medelvärde, tkr",2023,
0180C1350,sammanräknad förvärvsinkomst,totalt,"Medelvärde, tkr",2023,
0180C1360,sammanräknad förvärvsinkomst,totalt,"Medelvärde, tkr",2023,
0180C1370,sammanräknad förvärvsinkomst,totalt,"Medelvärde, tkr",2023,
0180C1380,sammanräknad förvärvsinkomst,totalt,"Medelvärde, tkr",2023,
0180C1390,sammanräknad förvärvsinkomst,totalt,"Medelvärde, tkr",2023,
0180C1400,sammanräknad förvärvsinkomst,totalt,"Medelvärde, tkr",2023,
0180C1410,sammanräknad förvärvsinkomst,totalt,"Medelvärde, tkr",2023,
0180C1420,sammanräknad förvärvsinkomst,totalt,"Medelvärde, tkr",2023,
0180C1430,sammanräknad förvärvsinkomst,totalt,"Medelvärde, tkr",2023,
0180C1440,sammanräknad förvärvsinkomst,totalt,"Medelvärde, tkr",2023,
0180C1450,sammanräknad förvärvsinkomst,totalt,"Medelvärde, tkr",2023,
0180C1460,sammanräknad förvärvsinkomst,totalt,"Medelvärde, tkr",2023,
0180C1470,sammanräknad förvärvsinkomst,totalt,"Medelvärde, tkr",2023,
0180C1480,sammanräknad förvärvsinkomst,totalt,"Medelvärde, tkr",2023,
0180C1490,sammanräknad förvärvsinkomst,totalt,"Medelvärde, tkr",2023,
0180C1500,sammanräknad förvärvsinkomst,totalt,"Medelvärde, tkr",2023,
0180C1510,sammanräknad förvärvsinkomst,totalt,"Medelvärde, tkr",2023,
0180C1520,sammanräknad förvärvsinkomst,totalt,"Medelvärde, tkr",2023,
0180C1530,sammanräknad förvärvsinkomst,totalt,"Medelvärde, tkr",2023,
0180C1540,sammanräknad förvärvsinkomst,totalt,"Medelvärde, tkr",2023,
0180C1550,sammanräknad förvärvsinkomst,totalt,"Medelvärde, tkr",2023,
0180C1560,sammanräknad förvärvsinkomst,totalt,"Medelvärde, tkr",2023,
0180C1570,sammanräknad förvärvsinkomst,totalt,"Medelvärde, tkr",2023,
0180C1580,sammanräknad förvärvsinkomst,totalt,"Medelvärde, tkr",2023,
0180C1591,sammanräknad förvärvsinkomst,totalt,"Medelvärde, tkr",2023,
0180C1592,sammanräknad förvärvsinkomst,totalt,"Medelvärde, tkr",2023,
0180C1600,sammanräknad förvärvsinkomst,totalt,"Medelvärde, tkr",2023,
0180C1610,sammanräknad förvärvsinkomst,totalt,"Medelvärde, tkr",2023,
0180C1620,sammanräknad förvärvsinkomst,totalt,"Medelvärde, tkr",2023,
0180C1630,sammanräknad förvärvsinkomst,totalt,"Medelvärde, tkr",2023,
0180C1640,sammanräknad förvärvsinkomst,totalt,"Medelvärde, tkr",2023,
0180C1650,sammanräknad förvärvsinkomst,totalt,"Medelvärde, tkr",2023,
0180C1660,sammanräknad förvärvsinkomst,totalt,"Medelvärde, tkr",2023,
0180C1670,sammanräknad förvärvsinkomst,totalt,"Medelvärde, tkr",2023,
0180C1680,sammanräknad förvärvsinkomst,totalt,"Medelvärde, tkr",2023,
0180C1690,sammanräknad förvärvsinkomst,totalt,"Medelvärde, tkr",2023,
0180C1700,sammanräknad förvärvsinkomst,totalt,"Medelvärde, tkr",2023,
0180C1710,sammanräknad förvärvsinkomst,totalt,"Medelvärde, tkr",2023,
0180C1720,sammanräknad förvärvsinkomst,totalt,"Medelvärde, tkr",2023,
0180C1730,sammanräknad förvärvsinkomst,totalt,"Medelvärde, tkr",2023,
0180C1740,sammanräknad förvärvsinkomst,totalt,"Medelvärde, tkr",2023,
0180C1750,sammanräknad förvärvsinkomst,totalt,"Medelvärde, tkr",2023,
0180C1760,sammanräknad förvärvsinkomst,totalt,"Medelvärde, tkr",2023,
0180C1770,sammanräknad förvärvsinkomst,totalt,"Medelvärde, tkr",2023,
0180C1780,sammanräknad förvärvsinkomst,totalt,"Medelvärde, tkr",2023,
0180C1790,sammanräknad förvärvsinkomst,totalt,"Medelvärde, tkr",2023,
0180C1800,sammanräknad förvärvsinkomst,totalt,"Medelvärde, tkr",2023,
0180C1810,sammanräknad förvärvsinkomst,totalt,"Medelvärde, tkr",2023,
0180C1820,sammanräknad förvärvsinkomst,totalt,"Medelvärde, tkr",2023,
0180C1830,sammanräknad förvärvsinkomst,totalt,"Medelvärde, tkr",2023,
0180C1840,sammanräknad förvärvsinkomst,totalt,"Medelvärde, tkr",2023,
0180C1850,sammanräknad förvärvsinkomst,totalt,"Medelvärde, tkr",2023,
0180C1860,sammanräknad förvärvsinkomst,totalt,"Medelvärde, tkr",2023,
0180C1871,sammanräknad förvärvsinkomst,totalt,"Medelvärde, tkr",2023,
0180C1872,sammanräknad förvärvsinkomst,totalt,"Medelvärde, tkr",2023,
0180C1873,sammanräknad förvärvsinkomst,totalt,"Medelvärde, tkr",2023,
0180C1880,sammanräknad förvärvsinkomst,totalt,"Medelvärde, tkr",2023,
0180C1890,sammanräknad förvärvsinkomst,totalt,"Medelvärde, tkr",2023,
0180C1900,sammanräknad förvärvsinkomst,totalt,"Medelvärde, tkr",2023,
0180C1910,sammanräknad förvärvsinkomst,totalt,"Medelvärde, tkr",2023,
0180C1920,sammanräknad förvärvsinkomst,totalt,"Medelvärde, tkr",2023,
0180C1930,sammanräknad förvärvsinkomst,totalt,"Medelvärde, tkr",2023,
0180C1940,sammanräknad förvärvsinkomst,totalt,"Medelvärde, tkr",2023,
0180C1950,sammanräknad förvärvsinkomst,totalt,"Medelvärde, tkr",2023,
0180C1960,sammanräknad förvärvsinkomst,totalt,"Medelvärde, tkr",2023,
0180C1970,sammanräknad förvärvsinkomst,totalt,"Medelvärde, tkr",2023,
0180C1980,sammanräknad förvärvsinkomst,totalt,"Medelvärde, tkr",2023,
0180C1990,sammanräknad förvärvsinkomst,totalt,"Medelvärde, tkr",2023,
0180C2000,sammanräknad förvärvsinkomst,totalt,"Medelvärde, tkr",2023,
0180C2010,sammanräknad förvärvsinkomst,totalt,"Medelvärde, tkr",2023,
0180C2020,sammanräknad förvärvsinkomst,totalt,"Medelvärde, tkr",2023,
0180C2030,sammanräknad förvärvsinkomst,totalt,"Medelvärde, tkr",2023,
0180C2040,sammanräknad förvärvsinkomst,totalt,"Medelvärde, tkr",2023,
0180C2050,sammanräknad förvärvsinkomst,totalt,"Medelvärde, tkr",2023,
0180C2060,sammanräknad förvärvsinkomst,totalt,"Medelvärde, tkr",2023,
0180C2070,sammanräknad förvärvsinkomst,totalt,"Medelvärde, tkr",2023,
0180C2080,sammanräknad förvärvsinkomst,totalt,"Medelvärde, tkr",2023,
0180C2090,sammanräknad förvärvsinkomst,totalt,"Medelvärde, tkr",2023,
0180C2100,sammanräknad förvärvsinkomst,totalt,"Medelvärde, tkr",2023,
0180C2111,sammanräknad förvärvsinkomst,totalt,"Medelvärde, tkr",2023,
0180C2112,sammanräknad förvärvsinkomst,totalt,"Medelvärde, tkr",2023,
0180C2113,sammanräknad förvärvsinkomst,totalt,"Medelvärde, tkr",2023,
0180C2120,sammanräknad förvärvsinkomst,totalt,"Medelvärde, tkr",2023,
0180C2130,sammanräknad förvärvsinkomst,totalt,"Medelvärde, tkr",2023,
0180C2140,sammanräknad förvärvsinkomst,totalt,"Medelvärde, tkr",2023,
0180C2150,sammanräknad förvärvsinkomst,totalt,"Medelvärde, tkr",2023,
0180C2160,sammanräknad förvärvsinkomst,totalt,"Medelvärde, tkr",2023,
0180C2170,sammanräknad förvärvsinkomst,totalt,"Medelvärde, tkr",2023,
0180C2180,sammanräknad förvärvsinkomst,totalt,"Medelvärde, tkr",2023,
0180C2190,sammanräknad förvärvsinkomst,totalt,"Medelvärde, tkr",2023,
0180C2200,sammanräknad förvärvsinkomst,totalt,"Medelvärde, tkr",2023,
0180C2210,sammanräknad förvärvsinkomst,totalt,"Medelvärde, tkr",2023,
0180C2220,sammanräknad förvärvsinkomst,totalt,"Medelvärde, tkr",2023,
0180C2230,sammanräknad förvärvsinkomst,totalt,"Medelvärde, tkr",2023,
0180C2240,sammanräknad förvärvsinkomst,totalt,"Medelvärde, tkr",2023,
0180C2250,sammanräknad förvärvsinkomst,totalt,"Medelvärde, tkr",2023,
0180C2260,sammanräknad förvärvsinkomst,totalt,"Medelvärde, tkr",2023,
0180C2270,sammanräknad förvärvsinkomst,totalt,"Medelvärde, tkr",2023,
0180C2280,sammanräknad förvärvsinkomst,totalt,"Medelvärde, tkr",2023,
0180C2290,sammanräknad förvärvsinkomst,totalt,"Medelvärde, tkr",2023,
0180C2300,sammanräknad förvärvsinkomst,totalt,"Medelvärde, tkr",2023,
0180C2310,sammanräknad förvärvsinkomst,totalt,"Medelvärde, tkr",2023,
0180C2320,sammanräknad förvärvsinkomst,totalt,"Medelvärde, tkr",2023,
0180C2330,sammanräknad förvärvsinkomst,totalt,"Medelvärde, tkr",2023,
0180C2340,sammanräknad förvärvsinkomst,totalt,"Medelvärde, tkr",2023,
0180C2350,sammanräknad förvärvsinkomst,totalt,"Medelvärde, tkr",2023,
0180C2360,sammanräknad förvärvsinkomst,totalt,"Medelvärde, tkr",2023,
0180C2370,sammanräknad förvärvsinkomst,totalt,"Medelvärde, tkr",2023,
0180C2380,sammanräknad förvärvsinkomst,totalt,"Medelvärde, tkr",2023,
0180C2390,sammanräknad förvärvsinkomst,totalt,"Medelvärde, tkr",2023,
0180C2400,sammanräknad förvärvsinkomst,totalt,"Medelvärde, tkr",2023,
0180C2410,sammanräknad förvärvsinkomst,totalt,"Medelvärde, tkr",2023,
0180C2420,sammanräknad förvärvsinkomst,totalt,"Medelvärde, tkr",2023,
0180C2431,sammanräknad förvärvsinkomst,totalt,"Medelvärde, tkr",2023,
0180C2432,sammanräknad förvärvsinkomst,totalt,"Medelvärde, tkr",2023,
0180C2440,sammanräknad förvärvsinkomst,totalt,"Medelvärde, tkr",2023,
0180C2450,sammanräknad förvärvsinkomst,totalt,"Medelvärde, tkr",2023,
0180C2460,sammanräknad förvärvsinkomst,totalt,"Medelvärde, tkr",2023,
0180C2470,sammanräknad förvärvsinkomst,totalt,"Medelvärde, tkr",2023,
0180C2480,sammanräknad förvärvsinkomst,totalt,"Medelvärde, tkr",2023,
0180C2490,sammanräknad förvärvsinkomst,totalt,"Medelvärde, tkr",2023,
0180C2500,sammanräknad förvärvsinkomst,totalt,"Medelvärde, tkr",2023,
0180C2510,sammanräknad förvärvsinkomst,totalt,"Medelvärde, tkr",2023,
0180C2520,sammanräknad förvärvsinkomst,totalt,"Medelvärde, tkr",2023,
0180C2530,sammanräknad förvärvsinkomst,totalt,"Medelvärde, tkr",2023,
0180C2540,sammanräknad förvärvsinkomst,totalt,"Medelvärde, tkr",2023,
0180C2550,sammanräknad förvärvsinkomst,totalt,"Medelvärde, tkr",2023,
0180C2560,sammanräknad förvärvsinkomst,totalt,"Medelvärde, tkr",2023,
0180C2570,sammanräknad förvärvsinkomst,totalt,"Medelvärde, tkr",2023,
0180C2580,sammanräknad förvärvsinkomst,totalt,"Medelvärde, tkr",2023,
0180C2590,sammanräknad förvärvsinkomst,totalt,"Medelvärde, tkr",2023,
0180C2600,sammanräknad förvärvsinkomst,totalt,"Medelvärde, tkr",2023,
0180C2610,sammanräknad förvärvsinkomst,totalt,"Medelvärde, tkr",2023,
0180C2620,sammanräknad förvärvsinkomst,totalt,"Medelvärde, tkr",2023,
0180C2630,sammanräknad förvärvsinkomst,totalt,"Medelvärde, tkr",2023,
0180C2640,sammanräknad förvärvsinkomst,totalt,"Medelvärde, tkr",2023,
0180C2650,sammanräknad förvärvsinkomst,totalt,"Medelvärde, tkr",2023,
0180C2660,sammanräknad förvärvsinkomst,totalt,"Medelvärde, tkr",2023,
0180C2670,sammanräknad förvärvsinkomst,totalt,"Medelvärde, tkr",2023,
0180C2680,sammanräknad förvärvsinkomst,totalt,"Medelvärde, tkr",2023,
0180C2690,sammanräknad förvärvsinkomst,totalt,"Medelvärde, tkr",2023,
0180C2700,sammanräknad förvärvsinkomst,totalt,"Medelvärde, tkr",2023,
0180C2710,sammanräknad förvärvsinkomst,totalt,"Medelvärde, tkr",2023,
0180C2720,sammanräknad förvärvsinkomst,totalt,"Medelvärde, tkr",2023,
0180C2730,sammanräknad förvärvsinkomst,totalt,"Medelvärde, tkr",2023,
0180C2740,sammanräknad förvärvsinkomst,totalt,"Medelvärde, tkr",2023,
0180C2750,sammanräknad förvärvsinkomst,totalt,"Medelvärde, tkr",2023,
0180C2760,sammanräknad förvärvsinkomst,totalt,"Medelvärde, tkr",2023,
0180C2770,sammanräknad förvärvsinkomst,totalt,"Medelvärde, tkr",2023,
0180C2781,sammanräknad förvärvsinkomst,totalt,"Medelvärde, tkr",2023,
0180C2782,sammanräknad förvärvsinkomst,totalt,"Medelvärde, tkr",2023,
0180C2783,sammanräknad förvärvsinkomst,totalt,"Medelvärde, tkr",2023,
0180C2790,sammanräknad förvärvsinkomst,totalt,"Medelvärde, tkr",2023,
0180C2800,sammanräknad förvärvsinkomst,totalt,"Medelvärde, tkr",2023,
0180C2810,sammanräknad förvärvsinkomst,totalt,"Medelvärde, tkr",2023,
0180C2820,sammanräknad förvärvsinkomst,totalt,"Medelvärde, tkr",2023,
0180C2830,sammanräknad förvärvsinkomst,totalt,"Medelvärde, tkr",2023,
0180C2840,sammanräknad förvärvsinkomst,totalt,"Medelvärde, tkr",2023,
0180C2850,sammanräknad förvärvsinkomst,totalt,"Medelvärde, tkr",2023,
0180C2860,sammanräknad förvärvsinkomst,totalt,"Medelvärde, tkr",2023,
0180C2870,sammanräknad förvärvsinkomst,totalt,"Medelvärde, tkr",2023,
0180C2881,sammanräknad förvärvsinkomst,totalt,"Medelvärde, tkr",2023,
0180C2882,sammanräknad förvärvsinkomst,totalt,"Medelvärde, tkr",2023,
0180C2890,sammanräknad förvärvsinkomst,totalt,"Medelvärde, tkr",2023,
0180C2900,sammanräknad förvärvsinkomst,totalt,"Medelvärde, tkr",2023,
0180C2910,sammanräknad förvärvsinkomst,totalt,"Medelvärde, tkr",2023,
0180C2920,sammanräknad förvärvsinkomst,totalt,"Medelvärde, tkr",2023,
0180C2930,sammanräknad förvärvsinkomst,totalt,"Medelvärde, tkr",2023,
0180C2940,sammanräknad förvärvsinkomst,totalt,"Medelvärde, tkr",2023,
0180C2951,sammanräknad förvärvsinkomst,totalt,"Medelvärde, tkr",2023,
0180C2952,sammanräknad förvärvsinkomst,totalt,"Medelvärde, tkr",2023,
0180C2953,sammanräknad förvärvsinkomst,totalt,"Medelvärde, tkr",2023,
0180C2960,sammanräknad förvärvsinkomst,totalt,"Medelvärde, tkr",2023,
0180C2970,sammanräknad förvärvsinkomst,totalt,"Medelvärde, tkr",2023,
0180C2980,sammanräknad förvärvsinkomst,totalt,"Medelvärde, tkr",2023,
0180C2990,sammanräknad förvärvsinkomst,totalt,"Medelvärde, tkr",2023,
0180C3000,sammanräknad förvärvsinkomst,totalt,"Medelvärde, tkr",2023,
0180C3010,sammanräknad förvärvsinkomst,totalt,"Medelvärde, tkr",2023,
0180C3020,sammanräknad förvärvsinkomst,totalt,"Medelvärde, tkr",2023,
0180C3030,sammanräknad förvärvsinkomst,totalt,"Medelvärde, tkr",2023,
0180C3040,sammanräknad förvärvsinkomst,totalt,"Medelvärde, tkr",2023,
0180C3050,sammanräknad förvärvsinkomst,totalt,"Medelvärde, tkr",2023,
0180C3060,sammanräknad förvärvsinkomst,totalt,"Medelvärde, tkr",2023,
0180C3070,sammanräknad förvärvsinkomst,totalt,"Medelvärde, tkr",2023,
0180C3080,sammanräknad förvärvsinkomst,totalt,"Medelvärde, tkr",2023,
0180C3090,sammanräknad förvärvsinkomst,totalt,"Medelvärde, tkr",2023,
0180C3100,sammanräknad förvärvsinkomst,totalt,"Medelvärde, tkr",2023,
0180C3110,sammanräknad förvärvsinkomst,totalt,"Medelvärde, tkr",2023,
0180C3120,sammanräknad förvärvsinkomst,totalt,"Medelvärde, tkr",2023,
0180C3130,sammanräknad förvärvsinkomst,totalt,"Medelvärde, tkr",2023,
0180C3140,sammanräknad förvärvsinkomst,totalt,"Medelvärde, tkr",2023,
0180C3150,sammanräknad förvärvsinkomst,totalt,"Medelvärde, tkr",2023,
0180C3160,sammanräknad förvärvsinkomst,totalt,"Medelvärde, tkr",2023,
0180C3170,sammanräknad förvärvsinkomst,totalt,"Medelvärde, tkr",2023,
0180C3180,sammanräknad förvärvsinkomst,totalt,"Medelvärde, tkr",2023,
0180C3190,sammanräknad förvärvsinkomst,totalt,"Medelvärde, tkr",2023,
0180C3201,sammanräknad förvärvsinkomst,totalt,"Medelvärde, tkr",2023,
0180C3202,sammanräknad förvärvsinkomst,totalt,"Medelvärde, tkr",2023,
0180C3210,sammanräknad förvärvsinkomst,totalt,"Medelvärde, tkr",2023,
0180C3220,sammanräknad förvärvsinkomst,totalt,"Medelvärde, tkr",2023,
0180C3230,sammanräknad förvärvsinkomst,totalt,"Medelvärde, tkr",2023,
0180C3240,sammanräknad förvärvsinkomst,totalt,"Medelvärde, tkr",2023,
0180C3250,sammanräknad förvärvsinkomst,totalt,"Medelvärde, tkr",2023,
0180C3260,sammanräknad förvärvsinkomst,totalt,"Medelvärde, tkr",2023,
0180C3270,sammanräknad förvärvsinkomst,totalt,"Medelvärde, tkr",2023,
0180C3280,sammanräknad förvärvsinkomst,totalt,"Medelvärde, tkr",2023,
0180C3290,sammanräknad förvärvsinkomst,totalt,"Medelvärde, tkr",2023,
0180C3300,sammanräknad förvärvsinkomst,totalt,"Medelvärde, tkr",2023,
0180C3310,sammanräknad förvärvsinkomst,totalt,"Medelvärde, tkr",2023,
0180C3320,sammanräknad förvärvsinkomst,totalt,"Medelvärde, tkr",2023,
0180C3330,sammanräknad förvärvsinkomst,totalt,"Medelvärde, tkr",2023,
0180C3340,sammanräknad förvärvsinkomst,totalt,"Medelvärde, tkr",2023,
0180C3350,sammanräknad förvärvsinkomst,totalt,"Medelvärde, tkr",2023,
0180C3360,sammanräknad förvärvsinkomst,totalt,"Medelvärde, tkr",2023,
0180C3370,sammanräknad förvärvsinkomst,totalt,"Medelvärde, tkr",2023,
0180C3380,sammanräknad förvärvsinkomst,totalt,"Medelvärde, tkr",2023,
0180C3390,sammanräknad förvärvsinkomst,totalt,"Medelvärde, tkr",2023,
0180C3400,sammanräknad förvärvsinkomst,totalt,"Medelvärde, tkr",2023,
0180C3410,sammanräknad förvärvsinkomst,totalt,"Medelvärde, tkr",2023,
0180C3420,sammanräknad förvärvsinkomst,totalt,"Medelvärde, tkr",2023,
0180C3430,sammanräknad förvärvsinkomst,totalt,"Medelvärde, tkr",2023,
0180C3440,sammanräknad förvärvsinkomst,totalt,"Medelvärde, tkr",2023,
0180C3450,sammanräknad förvärvsinkomst,totalt,"Medelvärde, tkr",2023,
0180C3460,sammanräknad förvärvsinkomst,totalt,"Medelvärde, tkr",2023,
0180C3470,sammanräknad förvärvsinkomst,totalt,"Medelvärde, tkr",2023,
0180C3480,sammanräknad förvärvsinkomst,totalt,"Medelvärde, tkr",2023,
0180C3490,sammanräknad förvärvsinkomst,totalt,"Medelvärde, tkr",2023,
0180C3500,sammanräknad förvärvsinkomst,totalt,"Medelvärde, tkr",2023,
0180C3510,sammanräknad förvärvsinkomst,totalt,"Medelvärde, tkr",2023,
0180C3520,sammanräknad förvärvsinkomst,totalt,"Medelvärde, tkr",2023,
0180C3530,sammanräknad förvärvsinkomst,totalt,"Medelvärde, tkr",2023,
0180C3540,sammanräknad förvärvsinkomst,totalt,"Medelvärde, tkr",2023,
0180C3550,sammanräknad förvärvsinkomst,totalt,"Medelvärde, tkr",2023,
0180C3560,sammanräknad förvärvsinkomst,totalt,"Medelvärde, tkr",2023,
0180C3570,sammanräknad förvärvsinkomst,totalt,"Medelvärde, tkr",2023,
0180C3580,sammanräknad förvärvsinkomst,totalt,"Medelvärde, tkr",2023,
0180C3590,sammanräknad förvärvsinkomst,totalt,"Medelvärde, tkr",2023,
0180C3600,sammanräknad förvärvsinkomst,totalt,"Medelvärde, tkr",2023,
0180C3610,sammanräknad förvärvsinkomst,totalt,"Medelvärde, tkr",2023,
0180C3620,sammanräknad förvärvsinkomst,totalt,"Medelvärde, tkr",2023,
0180C3630,sammanräknad förvärvsinkomst,totalt,"Medelvärde, tkr",2023,
0180C3640,sammanräknad förvärvsinkomst,totalt,"Medelvärde, tkr",2023,
0180C3650,sammanräknad förvärvsinkomst,totalt,"Medelvärde, tkr",2023,
0180C3660,sammanräknad förvärvsinkomst,totalt,"Medelvärde, tkr",2023,
0180C3670,sammanräknad förvärvsinkomst,totalt,"Medelvärde, tkr",2023,
0180C3680,sammanräknad förvärvsinkomst,totalt,"Medelvärde, tkr",2023,
0180C3690,sammanräknad förvärvsinkomst,totalt,"Medelvärde, tkr",2023,
0180C3700,sammanräknad förvärvsinkomst,totalt,"Medelvärde, tkr",2023,
0180C3710,sammanräknad förvärvsinkomst,totalt,"Medelvärde, tkr",2023,
0180C3720,sammanräknad förvärvsinkomst,totalt,"Medelvärde, tkr",2023,
0180C3730,sammanräknad förvärvsinkomst,totalt,"Medelvärde, tkr",2023,
0180C3740,sammanräknad förvärvsinkomst,totalt,"Medelvärde, tkr",2023,
0180C3750,sammanräknad förvärvsinkomst,totalt,"Medelvärde, tkr",2023,
0180C3760,sammanräknad förvärvsinkomst,totalt,"Medelvärde, tkr",2023,
0180C3770,sammanräknad förvärvsinkomst,totalt,"Medelvärde, tkr",2023,
0180C3780,sammanräknad förvärvsinkomst,totalt,"Medelvärde, tkr",2023,
0180C3790,sammanräknad förvärvsinkomst,totalt,"Medelvärde, tkr",2023,
0180C3800,sammanräknad förvärvsinkomst,totalt,"Medelvärde, tkr",2023,
0180C3810,sammanräknad förvärvsinkomst,totalt,"Medelvärde, tkr",2023,
0180C3820,sammanräknad förvärvsinkomst,totalt,"Medelvärde, tkr",2023,
0180C3830,sammanräknad förvärvsinkomst,totalt,"Medelvärde, tkr",2023,
0180C3840,sammanräknad förvärvsinkomst,totalt,"Medelvärde, tkr",2023,
0180C3850,sammanräknad förvärvsinkomst,totalt,"Medelvärde, tkr",2023,
0180C3860,sammanräknad förvärvsinkomst,totalt,"Medelvärde, tkr",2023,
0180C3870,sammanräknad förvärvsinkomst,totalt,"Medelvärde, tkr",2023,
0180C3880,sammanräknad förvärvsinkomst,totalt,"Medelvärde, tkr",2023,
0180C3890,sammanräknad förvärvsinkomst,totalt,"Medelvärde, tkr",2023,
0180C3900,sammanräknad förvärvsinkomst,totalt,"Medelvärde, tkr",2023,
0180C3910,sammanräknad förvärvsinkomst,totalt,"Medelvärde, tkr",2023,
0180C3920,sammanräknad förvärvsinkomst,totalt,"Medelvärde, tkr",2023,
0180C3930,sammanräknad förvärvsinkomst,totalt,"Medelvärde, tkr",2023,
0180C3940,sammanräknad förvärvsinkomst,totalt,"Medelvärde, tkr",2023,
0180C3950,sammanräknad förvärvsinkomst,totalt,"Medelvärde, tkr",2023,
0180C3960,sammanräknad förvärvsinkomst,totalt,"Medelvärde, tkr",2023,
0180C3970,sammanräknad förvärvsinkomst,totalt,"Medelvärde, tkr",2023,
0180C3980,sammanräknad förvärvsinkomst,totalt,"Medelvärde, tkr",2023,
0180C3990,sammanräknad förvärvsinkomst,totalt,"Medelvärde, tkr",2023,
0180C4000,sammanräknad förvärvsinkomst,totalt,"Medelvärde, tkr",2023,
0180C4010,sammanräknad förvärvsinkomst,totalt,"Medelvärde, tkr",2023,
0180C4020,sammanräknad förvärvsinkomst,totalt,"Medelvärde, tkr",2023,
0180C4030,sammanräknad förvärvsinkomst,totalt,"Medelvärde, tkr",2023,
0180C4040,sammanräknad förvärvsinkomst,totalt,"Medelvärde, tkr",2023,
0180C4050,sammanräknad förvärvsinkomst,totalt,"Medelvärde, tkr",2023,
0180C4060,sammanräknad förvärvsinkomst,totalt,"Medelvärde, tkr",2023,
0180C4070,sammanräknad förvärvsinkomst,totalt,"Medelvärde, tkr",2023,
0180C4080,sammanräknad förvärvsinkomst,totalt,"Medelvärde, tkr",2023,
0180C4090,sammanräknad förvärvsinkomst,totalt,"Medelvärde, tkr",2023,
0180C4100,sammanräknad förvärvsinkomst,totalt,"Medelvärde, tkr",2023,
0180C4110,sammanräknad förvärvsinkomst,totalt,"Medelvärde, tkr",2023,
0180C4120,sammanräknad förvärvsinkomst,totalt,"Medelvärde, tkr",2023,
0180C4130,sammanräknad förvärvsinkomst,totalt,"Medelvärde, tkr",2023,
0180C4140,sammanräknad förvärvsinkomst,totalt,"Medelvärde, tkr",2023,
0180C4150,sammanräknad förvärvsinkomst,totalt,"Medelvärde, tkr",2023,
0180C4160,sammanräknad förvärvsinkomst,totalt,"Medelvärde, tkr",2023,
0180C4170,sammanräknad förvärvsinkomst,totalt,"Medelvärde, tkr",2023,
0180C4180,sammanräknad förvärvsinkomst,totalt,"Medelvärde, tkr",2023,
0180C4190,sammanräknad förvärvsinkomst,totalt,"Medelvärde, tkr",2023,
0180C4200,sammanräknad förvärvsinkomst,totalt,"Medelvärde, tkr",2023,
0180C4210,sammanräknad förvärvsinkomst,totalt,"Medelvärde, tkr",2023,
0180C4220,sammanräknad förvärvsinkomst,totalt,"Medelvärde, tkr",2023,
0180C4230,sammanräknad förvärvsinkomst,totalt,"Medelvärde, tkr",2023,
0180C4240,sammanräknad förvärvsinkomst,totalt,"Medelvärde, tkr",2023,
0180C4250,sammanräknad förvärvsinkomst,totalt,"Medelvärde, tkr",2023,
0180C4260,sammanräknad förvärvsinkomst,totalt,"Medelvärde, tkr",2023,
0180C4270,sammanräknad förvärvsinkomst,totalt,"Medelvärde, tkr",2023,
0180C4280,sammanräknad förvärvsinkomst,totalt,"Medelvärde, tkr",2023,
0180C4290,sammanräknad förvärvsinkomst,totalt,"Medelvärde, tkr",2023,
0180C4300,sammanräknad förvärvsinkomst,totalt,"Medelvärde, tkr",2023,
0180C4310,sammanräknad förvärvsinkomst,totalt,"Medelvärde, tkr",2023,
0180C4320,sammanräknad förvärvsinkomst,totalt,"Medelvärde, tkr",2023,
0180C4330,sammanräknad förvärvsinkomst,totalt,"Medelvärde, tkr",2023,
0180C4340,sammanräknad förvärvsinkomst,totalt,"Medelvärde, tkr",2023,
0180C4350,sammanräknad förvärvsinkomst,totalt,"Medelvärde, tkr",2023,
0180C4360,sammanräknad förvärvsinkomst,totalt,"Medelvärde, tkr",2023,
0180C4370,sammanräknad förvärvsinkomst,totalt,"Medelvärde, tkr",2023,
0180C4380,sammanräknad förvärvsinkomst,totalt,"Medelvärde, tkr",2023,
0180C4390,sammanräknad förvärvsinkomst,totalt,"Medelvärde, tkr",2023,
0180C4400,sammanräknad förvärvsinkomst,totalt,"Medelvärde, tkr",2023,
0180C4410,sammanräknad förvärvsinkomst,totalt,"Medelvärde, tkr",2023,
0180C4420,sammanräknad förvärvsinkomst,totalt,"Medelvärde, tkr",2023,
0180C4430,sammanräknad förvärvsinkomst,totalt,"Medelvärde, tkr",2023,
0180C4440,sammanräknad förvärvsinkomst,totalt,"Medelvärde, tkr",2023,
0180C4450,sammanräknad förvärvsinkomst,totalt,"Medelvärde, tkr",2023,
0180C4460,sammanräknad förvärvsinkomst,totalt,"Medelvärde, tkr",2023,
0180C4470,sammanräknad förvärvsinkomst,totalt,"Medelvärde, tkr",2023,
0180C4480,sammanräknad förvärvsinkomst,totalt,"Medelvärde, tkr",2023,
0180C4490,sammanräknad förvärvsinkomst,totalt,"Medelvärde, tkr",2023,
0180C4500,sammanräknad förvärvsinkomst,totalt,"Medelvärde, tkr",2023,
0180C4510,sammanräknad förvärvsinkomst,totalt,"Medelvärde, tkr",2023,
0180C4520,sammanräknad förvärvsinkomst,totalt,"Medelvärde, tkr",2023,
0180C4530,sammanräknad förvärvsinkomst,totalt,"Medelvärde, tkr",2023,
0180C4540,sammanräknad förvärvsinkomst,totalt,"Medelvärde, tkr",2023,
0180C4550,sammanräknad förvärvsinkomst,totalt,"Medelvärde, tkr",2023,
0180C4560,sammanräknad förvärvsinkomst,totalt,"Medelvärde, tkr",2023,
0180C4570,sammanräknad förvärvsinkomst,totalt,"Medelvärde, tkr",2023,
0180C4580,sammanräknad förvärvsinkomst,totalt,"Medelvärde, tkr",2023,
0180C4590,sammanräknad förvärvsinkomst,totalt,"Medelvärde, tkr",2023,
0180C4600,sammanräknad förvärvsinkomst,totalt,"Medelvärde, tkr",2023,
0180C4610,sammanräknad förvärvsinkomst,totalt,"Medelvärde, tkr",2023,
0180C4620,sammanräknad förvärvsinkomst,totalt,"Medelvärde, tkr",2023,
0180C4630,sammanräknad förvärvsinkomst,totalt,"Medelvärde, tkr",2023,
0180C4640,sammanräknad förvärvsinkomst,totalt,"Medelvärde, tkr",2023,
0180C4650,sammanräknad förvärvsinkomst,totalt,"Medelvärde, tkr",2023,
0180C4660,sammanräknad förvärvsinkomst,totalt,"Medelvärde, tkr",2023,
0180C4670,sammanräknad förvärvsinkomst,totalt,"Medelvärde, tkr",2023,
0180C4680,sammanräknad förvärvsinkomst,totalt,"Medelvärde, tkr",2023,
0180C4690,sammanräknad förvärvsinkomst,totalt,"Medelvärde, tkr",2023,
0180C4700,sammanräknad förvärvsinkomst,totalt,"Medelvärde, tkr",2023,
0180C4710,sammanräknad förvärvsinkomst,totalt,"Medelvärde, tkr",2023,
0180C4720,sammanräknad förvärvsinkomst,totalt,"Medelvärde, tkr",2023,
0180C4730,sammanräknad förvärvsinkomst,totalt,"Medelvärde, tkr",2023,
0180C4740,sammanräknad förvärvsinkomst,totalt,"Medelvärde, tkr",2023,
0180C4750,sammanräknad förvärvsinkomst,totalt,"Medelvärde, tkr",2023,
0180C4760,sammanräknad förvärvsinkomst,totalt,"Medelvärde, tkr",2023,
0180C4770,sammanräknad förvärvsinkomst,totalt,"Medelvärde, tkr",2023,
0180C4780,sammanräknad förvärvsinkomst,totalt,"Medelvärde, tkr",2023,
0180C4790,sammanräknad förvärvsinkomst,totalt,"Medelvärde, tkr",2023,
0180C4800,sammanräknad förvärvsinkomst,totalt,"Medelvärde, tkr",2023,
0180C4810,sammanräknad förvärvsinkomst,totalt,"Medelvärde, tkr",2023,
0180C4820,sammanräknad förvärvsinkomst,totalt,"Medelvärde, tkr",2023,
0180C4830,sammanräknad förvärvsinkomst,totalt,"Medelvärde, tkr",2023,
0180C4840,sammanräknad förvärvsinkomst,totalt,"Medelvärde, tkr",2023,
0180C4850,sammanräknad förvärvsinkomst,totalt,"Medelvärde, tkr",2023,
0180C4860,sammanräknad förvärvsinkomst,totalt,"Medelvärde, tkr",2023,
0180C4870,sammanräknad förvärvsinkomst,totalt,"Medelvärde, tkr",2023,
0180C4880,sammanräknad förvärvsinkomst,totalt,"Medelvärde, tkr",2023,
0180C4890,sammanräknad förvärvsinkomst,totalt,"Medelvärde, tkr",2023,
0180C4900,sammanräknad förvärvsinkomst,totalt,"Medelvärde, tkr",2023,
0180C4910,sammanräknad förvärvsinkomst,totalt,"Medelvärde, tkr",2023,
0180C4920,sammanräknad förvärvsinkomst,totalt,"Medelvärde, tkr",2023,
0180C4930,sammanräknad förvärvsinkomst,totalt,"Medelvärde, tkr",2023,
0180C4940,sammanräknad förvärvsinkomst,totalt,"Medelvärde, tkr",2023,
0180C4950,sammanräknad förvärvsinkomst,totalt,"Medelvärde, tkr",2023,
0180C4960,sammanräknad förvärvsinkomst,totalt,"Medelvärde, tkr",2023,
0180C4970,sammanräknad förvärvsinkomst,totalt,"Medelvärde, tkr",2023,
0180C4980,sammanräknad förvärvsinkomst,totalt,"Medelvärde, tkr",2023,
0180C4990,sammanräknad förvärvsinkomst,totalt,"Medelvärde, tkr",2023,
0180C5000,sammanräknad förvärvsinkomst,totalt,"Medelvärde, tkr",2023,
0180C5010,sammanräknad förvärvsinkomst,totalt,"Medelvärde, tkr",2023,
0180C5020,sammanräknad förvärvsinkomst,totalt,"Medelvärde, tkr",2023,
0180C5030,sammanräknad förvärvsinkomst,totalt,"Medelvärde, tkr",2023,
0180C5040,sammanräknad förvärvsinkomst,totalt,"Medelvärde, tkr",2023,
0180C5050,sammanräknad förvärvsinkomst,totalt,"Medelvärde, tkr",2023,
0180C5060,sammanräknad förvärvsinkomst,totalt,"Medelvärde, tkr",2023,
0180C5070,sammanräknad förvärvsinkomst,totalt,"Medelvärde, tkr",2023,
0180C5080,sammanräknad förvärvsinkomst,totalt,"Medelvärde, tkr",2023,
0180C5090,sammanräknad förvärvsinkomst,totalt,"Medelvärde, tkr",2023,
0180C5100,sammanräknad förvärvsinkomst,totalt,"Medelvärde, tkr",2023,
0180C5110,sammanräknad förvärvsinkomst,totalt,"Medelvärde, tkr",2023,
0180C5120,sammanräknad förvärvsinkomst,totalt,"Medelvärde, tkr",2023,
0180C5130,sammanräknad förvärvsinkomst,totalt,"Medelvärde, tkr",2023,
0180C5140,sammanräknad förvärvsinkomst,totalt,"Medelvärde, tkr",2023,
0180C5150,sammanräknad förvärvsinkomst,totalt,"Medelvärde, tkr",2023,
0180C5160,sammanräknad förvärvsinkomst,totalt,"Medelvärde, tkr",2023,
0180C5170,sammanräknad förvärvsinkomst,totalt,"Medelvärde, tkr",2023,
0180C5180,sammanräknad förvärvsinkomst,totalt,"Medelvärde, tkr",2023,
0180C5190,sammanräknad förvärvsinkomst,totalt,"Medelvärde, tkr",2023,
0180C5200,sammanräknad förvärvsinkomst,totalt,"Medelvärde, tkr",2023,
0180C5210,sammanräknad förvärvsinkomst,totalt,"Medelvärde, tkr",2023,
0180C5220,sammanräknad förvärvsinkomst,totalt,"Medelvärde, tkr",2023,
0180C5230,sammanräknad förvärvsinkomst,totalt,"Medelvärde, tkr",2023,
0180C5240,sammanräknad förvärvsinkomst,totalt,"Medelvärde, tkr",2023,
0180C5250,sammanräknad förvärvsinkomst,totalt,"Medelvärde, tkr",2023,
0180C5261,sammanräknad förvärvsinkomst,totalt,"Medelvärde, tkr",2023,
0180C5262,sammanräknad förvärvsinkomst,totalt,"Medelvärde, tkr",2023,
0180C5263,sammanräknad förvärvsinkomst,totalt,"Medelvärde, tkr",2023,
0180C5264,sammanräknad förvärvsinkomst,totalt,"Medelvärde, tkr",2023,
0180C5270,sammanräknad förvärvsinkomst,totalt,"Medelvärde, tkr",2023,
0180C5280,sammanräknad förvärvsinkomst,totalt,"Medelvärde, tkr",2023,
0180C5290,sammanräknad förvärvsinkomst,totalt,"Medelvärde, tkr",2023,
0180C5300,sammanräknad förvärvsinkomst,totalt,"Medelvärde, tkr",2023,
0180C5310,sammanräknad förvärvsinkomst,totalt,"Medelvärde, tkr",2023,
0180C5320,sammanräknad förvärvsinkomst,totalt,"Medelvärde, tkr",2023,
0180C5330,sammanräknad förvärvsinkomst,totalt,"Medelvärde, tkr",2023,
0180C5340,sammanräknad förvärvsinkomst,totalt,"Medelvärde, tkr",2023,
0180C5350,sammanräknad förvärvsinkomst,totalt,"Medelvärde, tkr",2023,
0180C5360,sammanräknad förvärvsinkomst,totalt,"Medelvärde, tkr",2023,
0180C5370,sammanräknad förvärvsinkomst,totalt,"Medelvärde, tkr",2023,
0180C5380,sammanräknad förvärvsinkomst,totalt,"Medelvärde, tkr",2023,
0180C5390,sammanräknad förvärvsinkomst,totalt,"Medelvärde, tkr",2023,
0180C5400,sammanräknad förvärvsinkomst,totalt,"Medelvärde, tkr",2023,
0180C5410,sammanräknad förvärvsinkomst,totalt,"Medelvärde, tkr",2023,
0180C5421,sammanräknad förvärvsinkomst,totalt,"Medelvärde, tkr",2023,
0180C5422,sammanräknad förvärvsinkomst,totalt,"Medelvärde, tkr",2023,
0180C5431,sammanräknad förvärvsinkomst,totalt,"Medelvärde, tkr",2023,
0180C5432,sammanräknad förvärvsinkomst,totalt,"Medelvärde, tkr",2023,
0180C5440,sammanräknad förvärvsinkomst,totalt,"Medelvärde, tkr",2023,
0180C5450,sammanräknad förvärvsinkomst,totalt,"Medelvärde, tkr",2023,
0180C5460,sammanräknad förvärvsinkomst,totalt,"Medelvärde, tkr",2023,
0180C5470,sammanräknad förvärvsinkomst,totalt,"Medelvärde, tkr",2023,
0180C5480,sammanräknad förvärvsinkomst,totalt,"Medelvärde, tkr",2023,
0180C5490,sammanräknad förvärvsinkomst,totalt,"Medelvärde, tkr",2023,
0180C5500,sammanräknad förvärvsinkomst,totalt,"Medelvärde, tkr",2023,
0180C5510,sammanräknad förvärvsinkomst,totalt,"Medelvärde, tkr",2023,
0180C5520,sammanräknad förvärvsinkomst,totalt,"Medelvärde, tkr",2023,
0180C5530,sammanräknad förvärvsinkomst,totalt,"Medelvärde, tkr",2023,
0180C5540,sammanräknad förvärvsinkomst,totalt,"Medelvärde, tkr",2023,
0180C5550,sammanräknad förvärvsinkomst,totalt,"Medelvärde, tkr",2023,
0180C5560,sammanräknad förvärvsinkomst,totalt,"Medelvärde, tkr",2023,
0180C5570,sammanräknad förvärvsinkomst,totalt,"Medelvärde, tkr",2023,
0180C5580,sammanräknad förvärvsinkomst,totalt,"Medelvärde, tkr",2023,
0180C5590,sammanräknad förvärvsinkomst,totalt,"Medelvärde, tkr",2023,
0180C5600,sammanräknad förvärvsinkomst,totalt,"Medelvärde, tkr",2023,
0180C5610,sammanräknad förvärvsinkomst,totalt,"Medelvärde, tkr",2023,
0180C5620,sammanräknad förvärvsinkomst,totalt,"Medelvärde, tkr",2023,
0180C5630,sammanräknad förvärvsinkomst,totalt,"Medelvärde, tkr",2023,
0180C5640,sammanräknad förvärvsinkomst,totalt,"Medelvärde, tkr",2023,
0180C5651,sammanräknad förvärvsinkomst,totalt,"Medelvärde, tkr",2023,
0180C5652,sammanräknad förvärvsinkomst,totalt,"Medelvärde, tkr",2023,
0180C5653,sammanräknad förvärvsinkomst,totalt,"Medelvärde, tkr",2023,
0180C5660,sammanräknad förvärvsinkomst,totalt,"Medelvärde, tkr",2023,
0180C5670,sammanräknad förvärvsinkomst,totalt,"Medelvärde, tkr",2023,
0180C5680,sammanräknad förvärvsinkomst,totalt,"Medelvärde, tkr",2023,
0180C5691,sammanräknad förvärvsinkomst,totalt,"Medelvärde, tkr",2023,
0180C5692,sammanräknad förvärvsinkomst,totalt,"Medelvärde, tkr",2023,
0180C5700,sammanräknad förvärvsinkomst,totalt,"Medelvärde, tkr",2023,
0180C5710,sammanräknad förvärvsinkomst,totalt,"Medelvärde, tkr",2023,
0180C5720,sammanräknad förvärvsinkomst,totalt,"Medelvärde, tkr",2023,
0180C5730,sammanräknad förvärvsinkomst,totalt,"Medelvärde, tkr",2023,
0180C5740,sammanräknad förvärvsinkomst,totalt,"Medelvärde, tkr",2023,
0180C5751,sammanräknad förvärvsinkomst,totalt,"Medelvärde, tkr",2023,
0180C5752,sammanräknad förvärvsinkomst,totalt,"Medelvärde, tkr",2023,
0180C5760,sammanräknad förvärvsinkomst,totalt,"Medelvärde, tkr",2023,
0180C5770,sammanräknad förvärvsinkomst,totalt,"Medelvärde, tkr",2023,
0180C5780,sammanräknad förvärvsinkomst,totalt,"Medelvärde, tkr",2023,
0180C5790,sammanräknad förvärvsinkomst,totalt,"Medelvärde, tkr",2023,
0180C5800,sammanräknad förvärvsinkomst,totalt,"Medelvärde, tkr",2023,
0180C5810,sammanräknad förvärvsinkomst,totalt,"Medelvärde, tkr",2023,
0180C5820,sammanräknad förvärvsinkomst,totalt,"Medelvärde, tkr",2023,
0180C5830,sammanräknad förvärvsinkomst,totalt,"Medelvärde, tkr",2023,
0180C5840,sammanräknad förvärvsinkomst,totalt,"Medelvärde, tkr",2023,
0180C5850,sammanräknad förvärvsinkomst,totalt,"Medelvärde, tkr",2023,
0180C5861,sammanräknad förvärvsinkomst,totalt,"Medelvärde, tkr",2023,
0180C5862,sammanräknad förvärvsinkomst,totalt,"Medelvärde, tkr",2023,
0180C5870,sammanräknad förvärvsinkomst,totalt,"Medelvärde, tkr",2023,
0180C5880,sammanräknad förvärvsinkomst,totalt,"Medelvärde, tkr",2023,
0180C5890,sammanräknad förvärvsinkomst,totalt,"Medelvärde, tkr",2023,
0180C5900,sammanräknad förvärvsinkomst,totalt,"Medelvärde, tkr",2023,
0180C5910,sammanräknad förvärvsinkomst,totalt,"Medelvärde, tkr",2023,
0180C5920,sammanräknad förvärvsinkomst,totalt,"Medelvärde, tkr",2023,
0180C5930,sammanräknad förvärvsinkomst,totalt,"Medelvärde, tkr",2023,
0180C5940,sammanräknad förvärvsinkomst,totalt,"Medelvärde, tkr",2023,
0180C5950,sammanräknad förvärvsinkomst,totalt,"Medelvärde, tkr",2023,
0180C5960,sammanräknad förvärvsinkomst,totalt,"Medelvärde, tkr",2023,
0180C5970,sammanräknad förvärvsinkomst,totalt,"Medelvärde, tkr",2023,
0180C5980,sammanräknad förvärvsinkomst,totalt,"Medelvärde, tkr",2023,
0180C5990,sammanräknad förvärvsinkomst,totalt,"Medelvärde, tkr",2023,
0180C6000,sammanräknad förvärvsinkomst,totalt,"Medelvärde, tkr",2023,
0180C6010,sammanräknad förvärvsinkomst,totalt,"Medelvärde, tkr",2023,
0180C6020,sammanräknad förvärvsinkomst,totalt,"Medelvärde, tkr",2023,
0180C6030,sammanräknad förvärvsinkomst,totalt,"Medelvärde, tkr",2023,
0180C6040,sammanräknad förvärvsinkomst,totalt,"Medelvärde, tkr",2023,
0180C6050,sammanräknad förvärvsinkomst,totalt,"Medelvärde, tkr",2023,
0180C6060,sammanräknad förvärvsinkomst,totalt,"Medelvärde, tkr",2023,
0180C6070,sammanräknad förvärvsinkomst,totalt,"Medelvärde, tkr",2023,
0180C6080,sammanräknad förvärvsinkomst,totalt,"Medelvärde, tkr",2023,
0180C6090,sammanräknad förvärvsinkomst,totalt,"Medelvärde, tkr",2023,
0180C6100,sammanräknad förvärvsinkomst,totalt,"Medelvärde, tkr",2023,
0180C6110,sammanräknad förvärvsinkomst,totalt,"Medelvärde, tkr",2023,
0180C6120,sammanräknad förvärvsinkomst,totalt,"Medelvärde, tkr",2023,
0180C6130,sammanräknad förvärvsinkomst,totalt,"Medelvärde, tkr",2023,
0180C6140,sammanräknad förvärvsinkomst,totalt,"Medelvärde, tkr",2023,
0180C6151,sammanräknad förvärvsinkomst,totalt,"Medelvärde, tkr",2023,
0180C6152,sammanräknad förvärvsinkomst,totalt,"Medelvärde, tkr",2023,
0180C6160,sammanräknad förvärvsinkomst,totalt,"Medelvärde, tkr",2023,
0180C6170,sammanräknad förvärvsinkomst,totalt,"Medelvärde, tkr",2023,
0180C6180,sammanräknad förvärvsinkomst,totalt,"Medelvärde, tkr",2023,
0180C6190,sammanräknad förvärvsinkomst,totalt,"Medelvärde, tkr",2023,
0180C6200,sammanräknad förvärvsinkomst,totalt,"Medelvärde, tkr",2023,
0180C6210,sammanräknad förvärvsinkomst,totalt,"Medelvärde, tkr",2023,
0180C6220,sammanräknad förvärvsinkomst,totalt,"Medelvärde, tkr",2023,
0180C6230,sammanräknad förvärvsinkomst,totalt,"Medelvärde, tkr",2023,
0180C6240,sammanräknad förvärvsinkomst,totalt,"Medelvärde, tkr",2023,
0180C6250,sammanräknad förvärvsinkomst,totalt,"Medelvärde, tkr",2023,
0180C6260,sammanräknad förvärvsinkomst,totalt,"Medelvärde, tkr",2023,
0180C6270,sammanräknad förvärvsinkomst,totalt,"Medelvärde, tkr",2023,
0180C6280,sammanräknad förvärvsinkomst,totalt,"Medelvärde, tkr",2023,
0180C6290,sammanräknad förvärvsinkomst,totalt,"Medelvärde, tkr",2023,
0180C6300,sammanräknad förvärvsinkomst,totalt,"Medelvärde, tkr",2023,
0180C6310,sammanräknad förvärvsinkomst,totalt,"Medelvärde, tkr",2023,
0180C6320,sammanräknad förvärvsinkomst,totalt,"Medelvärde, tkr",2023,
0180C6330,sammanräknad förvärvsinkomst,totalt,"Medelvärde, tkr",2023,
0180C6340,sammanräknad förvärvsinkomst,totalt,"Medelvärde, tkr",2023,
0180C6350,sammanräknad förvärvsinkomst,totalt,"Medelvärde, tkr",2023,
0180C6360,sammanräknad förvärvsinkomst,totalt,"Medelvärde, tkr",2023,
0180C6370,sammanräknad förvärvsinkomst,totalt,"Medelvärde, tkr",2023,
0180C6380,sammanräknad förvärvsinkomst,totalt,"Medelvärde, tkr",2023,
0180C6390,sammanräknad förvärvsinkomst,totalt,"Medelvärde, tkr",2023,
0180C6400,sammanräknad förvärvsinkomst,totalt,"Medelvärde, tkr",2023,
0180C6410,sammanräknad förvärvsinkomst,totalt,"Medelvärde, tkr",2023,
0180C6420,sammanräknad förvärvsinkomst,totalt,"Medelvärde, tkr",2023,
0180C6430,sammanräknad förvärvsinkomst,totalt,"Medelvärde, tkr",2023,
0180C6440,sammanräknad förvärvsinkomst,totalt,"Medelvärde, tkr",2023,
